url,product_name,color_id,color_name,size_id,size_name,inventory,price
https://arcteryx.com/ca/en/shop/mens/gamma-mx-pant-8253,Gamma MX Pant,1687,Canvas,5848,34-R,14,360
https://arcteryx.com/ca/en/shop/mens/gamma-mx-pant-8253,Gamma MX Pant,1836,Black,5848,34-R,0,360
https://arcteryx.com/ca/en/shop/mens/gamma-mx-pant-8253,Gamma MX Pant,1687,Canvas,12757,36-S,0,360
https://arcteryx.com/ca/en/shop/mens/gamma-mx-pant-8253,Gamma MX Pant,565,Black Sapphire,5848,34-R,49,360
https://arcteryx.com/ca/en/shop/mens/gamma-mx-pant-8253,Gamma MX Pant,1836,Black,5803,30-T,1,360
https://arcteryx.com/ca/en/shop/mens/gamma-mx-pant-8253,Gamma MX Pant,1836,Black,12742,28-S,0,360
https://arcteryx.com/ca/en/shop/mens/gamma-mx-pant-8253,Gamma MX Pant,1687,Canvas,5866,36-R,10,360
https://arcteryx.com/ca/en/shop/mens/gamma-mx-pant-8253,Gamma MX Pant,1687,Canvas,12755,34-S,0,360
https://arcteryx.com/ca/en/shop/mens/gamma-mx-pant-8253,Gamma MX Pant,565,Black Sapphire,5850,34-T,0,360
https://arcteryx.com/ca/en/shop/mens/gamma-mx-pant-8253,Gamma MX Pant,565,Black Sapphire,5866,36-R,22,360
https://arcteryx.com/ca/en/shop/mens/gamma-mx-pant-8253,Gamma MX Pant,565,Black Sapphire,5883,38-R,0,360
https://arcteryx.com/ca/en/shop/mens/gamma-mx-pant-8253,Gamma MX Pant,565,Black Sapphire,12755,34-S,0,360
https://arcteryx.com/ca/en/shop/mens/gamma-mx-pant-8253,Gamma MX Pant,1687,Canvas,5850,34-T,0,360
https://arcteryx.com/ca/en/shop/mens/gamma-mx-pant-8253,Gamma MX Pant,565,Black Sapphire,12749,30-S,0,360
https://arcteryx.com/ca/en/shop/mens/gamma-mx-pant-8253,Gamma MX Pant,1687,Canvas,13095,38-S,0,360
https://arcteryx.com/ca/en/shop/mens/gamma-mx-pant-8253,Gamma MX Pant,565,Black Sapphire,5868,36-T,0,360
https://arcteryx.com/ca/en/shop/mens/gamma-mx-pant-8253,Gamma MX Pant,565,Black Sapphire,12742,28-S,0,360
https://arcteryx.com/ca/en/shop/mens/gamma-mx-pant-8253,Gamma MX Pant,1836,Black,5850,34-T,0,360
https://arcteryx.com/ca/en/shop/mens/gamma-mx-pant-8253,Gamma MX Pant,1836,Black,5885,38-T,0,360
https://arcteryx.com/ca/en/shop/mens/gamma-mx-pant-8253,Gamma MX Pant,1836,Black,12757,36-S,0,360
https://arcteryx.com/ca/en/shop/mens/gamma-mx-pant-8253,Gamma MX Pant,565,Black Sapphire,13095,38-S,0,360
https://arcteryx.com/ca/en/shop/mens/gamma-mx-pant-8253,Gamma MX Pant,565,Black Sapphire,5885,38-T,0,360
https://arcteryx.com/ca/en/shop/mens/gamma-mx-pant-8253,Gamma MX Pant,565,Black Sapphire,5801,30-R,98,360
https://arcteryx.com/ca/en/shop/mens/gamma-mx-pant-8253,Gamma MX Pant,1687,Canvas,12742,28-S,0,360
https://arcteryx.com/ca/en/shop/mens/gamma-mx-pant-8253,Gamma MX Pant,1687,Canvas,5765,28-R,7,360
https://arcteryx.com/ca/en/shop/mens/gamma-mx-pant-8253,Gamma MX Pant,565,Black Sapphire,5803,30-T,2,360
https://arcteryx.com/ca/en/shop/mens/gamma-mx-pant-8253,Gamma MX Pant,565,Black Sapphire,5765,28-R,16,360
https://arcteryx.com/ca/en/shop/mens/gamma-mx-pant-8253,Gamma MX Pant,1836,Black,13095,38-S,0,360
https://arcteryx.com/ca/en/shop/mens/gamma-mx-pant-8253,Gamma MX Pant,1687,Canvas,5883,38-R,5,360
https://arcteryx.com/ca/en/shop/mens/gamma-mx-pant-8253,Gamma MX Pant,1836,Black,5868,36-T,0,360
https://arcteryx.com/ca/en/shop/mens/gamma-mx-pant-8253,Gamma MX Pant,1687,Canvas,5885,38-T,0,360
https://arcteryx.com/ca/en/shop/mens/gamma-mx-pant-8253,Gamma MX Pant,1836,Black,5828,32-T,0,360
https://arcteryx.com/ca/en/shop/mens/gamma-mx-pant-8253,Gamma MX Pant,565,Black Sapphire,5828,32-T,0,360
https://arcteryx.com/ca/en/shop/mens/gamma-mx-pant-8253,Gamma MX Pant,1687,Canvas,5828,32-T,0,360
https://arcteryx.com/ca/en/shop/mens/gamma-mx-pant-8253,Gamma MX Pant,1836,Black,12752,32-S,0,360
https://arcteryx.com/ca/en/shop/mens/gamma-mx-pant-8253,Gamma MX Pant,1836,Black,12755,34-S,0,360
https://arcteryx.com/ca/en/shop/mens/gamma-mx-pant-8253,Gamma MX Pant,1836,Black,5883,38-R,0,360
https://arcteryx.com/ca/en/shop/mens/gamma-mx-pant-8253,Gamma MX Pant,1687,Canvas,5868,36-T,0,360
https://arcteryx.com/ca/en/shop/mens/gamma-mx-pant-8253,Gamma MX Pant,1687,Canvas,12749,30-S,0,360
https://arcteryx.com/ca/en/shop/mens/gamma-mx-pant-8253,Gamma MX Pant,1836,Black,5801,30-R,6,360
https://arcteryx.com/ca/en/shop/mens/gamma-mx-pant-8253,Gamma MX Pant,565,Black Sapphire,5826,32-R,56,360
https://arcteryx.com/ca/en/shop/mens/gamma-mx-pant-8253,Gamma MX Pant,565,Black Sapphire,12757,36-S,0,360
https://arcteryx.com/ca/en/shop/mens/gamma-mx-pant-8253,Gamma MX Pant,1687,Canvas,5801,30-R,11,360
https://arcteryx.com/ca/en/shop/mens/gamma-mx-pant-8253,Gamma MX Pant,1836,Black,5826,32-R,0,360
https://arcteryx.com/ca/en/shop/mens/gamma-mx-pant-8253,Gamma MX Pant,1836,Black,5765,28-R,6,360
https://arcteryx.com/ca/en/shop/mens/gamma-mx-pant-8253,Gamma MX Pant,1687,Canvas,12752,32-S,0,360
https://arcteryx.com/ca/en/shop/mens/gamma-mx-pant-8253,Gamma MX Pant,1687,Canvas,5803,30-T,0,360
https://arcteryx.com/ca/en/shop/mens/gamma-mx-pant-8253,Gamma MX Pant,565,Black Sapphire,12752,32-S,0,360
https://arcteryx.com/ca/en/shop/mens/gamma-mx-pant-8253,Gamma MX Pant,1836,Black,12749,30-S,0,360
https://arcteryx.com/ca/en/shop/mens/gamma-mx-pant-8253,Gamma MX Pant,1836,Black,5866,36-R,0,360
https://arcteryx.com/ca/en/shop/mens/gamma-mx-pant-8253,Gamma MX Pant,1687,Canvas,5826,32-R,19,360
https://arcteryx.com/us/en/shop/mens/gamma-mx-pant-8253,Gamma MX Pant,1687,Canvas,5848,34-R,56,300
https://arcteryx.com/us/en/shop/mens/gamma-mx-pant-8253,Gamma MX Pant,1836,Black,5848,34-R,142,300
https://arcteryx.com/us/en/shop/mens/gamma-mx-pant-8253,Gamma MX Pant,1687,Canvas,12757,36-S,1,300
https://arcteryx.com/us/en/shop/mens/gamma-mx-pant-8253,Gamma MX Pant,565,Black Sapphire,5848,34-R,195,300
https://arcteryx.com/us/en/shop/mens/gamma-mx-pant-8253,Gamma MX Pant,1836,Black,5803,30-T,0,300
https://arcteryx.com/us/en/shop/mens/gamma-mx-pant-8253,Gamma MX Pant,1836,Black,12742,28-S,0,300
https://arcteryx.com/us/en/shop/mens/gamma-mx-pant-8253,Gamma MX Pant,1687,Canvas,5866,36-R,35,300
https://arcteryx.com/us/en/shop/mens/gamma-mx-pant-8253,Gamma MX Pant,1687,Canvas,12755,34-S,0,300
https://arcteryx.com/us/en/shop/mens/gamma-mx-pant-8253,Gamma MX Pant,565,Black Sapphire,5850,34-T,1,300
https://arcteryx.com/us/en/shop/mens/gamma-mx-pant-8253,Gamma MX Pant,565,Black Sapphire,5866,36-R,126,300
https://arcteryx.com/us/en/shop/mens/gamma-mx-pant-8253,Gamma MX Pant,565,Black Sapphire,5883,38-R,25,300
https://arcteryx.com/us/en/shop/mens/gamma-mx-pant-8253,Gamma MX Pant,565,Black Sapphire,12755,34-S,0,300
https://arcteryx.com/us/en/shop/mens/gamma-mx-pant-8253,Gamma MX Pant,1687,Canvas,5850,34-T,0,300
https://arcteryx.com/us/en/shop/mens/gamma-mx-pant-8253,Gamma MX Pant,565,Black Sapphire,12749,30-S,0,300
https://arcteryx.com/us/en/shop/mens/gamma-mx-pant-8253,Gamma MX Pant,1687,Canvas,13095,38-S,0,300
https://arcteryx.com/us/en/shop/mens/gamma-mx-pant-8253,Gamma MX Pant,565,Black Sapphire,5868,36-T,0,300
https://arcteryx.com/us/en/shop/mens/gamma-mx-pant-8253,Gamma MX Pant,565,Black Sapphire,12742,28-S,0,300
https://arcteryx.com/us/en/shop/mens/gamma-mx-pant-8253,Gamma MX Pant,1836,Black,5850,34-T,4,300
https://arcteryx.com/us/en/shop/mens/gamma-mx-pant-8253,Gamma MX Pant,1836,Black,5885,38-T,0,300
https://arcteryx.com/us/en/shop/mens/gamma-mx-pant-8253,Gamma MX Pant,1836,Black,12757,36-S,0,300
https://arcteryx.com/us/en/shop/mens/gamma-mx-pant-8253,Gamma MX Pant,565,Black Sapphire,13095,38-S,0,300
https://arcteryx.com/us/en/shop/mens/gamma-mx-pant-8253,Gamma MX Pant,565,Black Sapphire,5885,38-T,0,300
https://arcteryx.com/us/en/shop/mens/gamma-mx-pant-8253,Gamma MX Pant,565,Black Sapphire,5801,30-R,150,300
https://arcteryx.com/us/en/shop/mens/gamma-mx-pant-8253,Gamma MX Pant,1687,Canvas,12742,28-S,0,300
https://arcteryx.com/us/en/shop/mens/gamma-mx-pant-8253,Gamma MX Pant,1687,Canvas,5765,28-R,5,300
https://arcteryx.com/us/en/shop/mens/gamma-mx-pant-8253,Gamma MX Pant,565,Black Sapphire,5803,30-T,1,300
https://arcteryx.com/us/en/shop/mens/gamma-mx-pant-8253,Gamma MX Pant,565,Black Sapphire,5765,28-R,9,300
https://arcteryx.com/us/en/shop/mens/gamma-mx-pant-8253,Gamma MX Pant,1836,Black,13095,38-S,0,300
https://arcteryx.com/us/en/shop/mens/gamma-mx-pant-8253,Gamma MX Pant,1687,Canvas,5883,38-R,11,300
https://arcteryx.com/us/en/shop/mens/gamma-mx-pant-8253,Gamma MX Pant,1836,Black,5868,36-T,0,300
https://arcteryx.com/us/en/shop/mens/gamma-mx-pant-8253,Gamma MX Pant,1687,Canvas,5885,38-T,0,300
https://arcteryx.com/us/en/shop/mens/gamma-mx-pant-8253,Gamma MX Pant,1836,Black,5828,32-T,0,300
https://arcteryx.com/us/en/shop/mens/gamma-mx-pant-8253,Gamma MX Pant,565,Black Sapphire,5828,32-T,0,300
https://arcteryx.com/us/en/shop/mens/gamma-mx-pant-8253,Gamma MX Pant,1687,Canvas,5828,32-T,2,300
https://arcteryx.com/us/en/shop/mens/gamma-mx-pant-8253,Gamma MX Pant,1836,Black,12752,32-S,0,300
https://arcteryx.com/us/en/shop/mens/gamma-mx-pant-8253,Gamma MX Pant,1836,Black,12755,34-S,0,300
https://arcteryx.com/us/en/shop/mens/gamma-mx-pant-8253,Gamma MX Pant,1836,Black,5883,38-R,0,300
https://arcteryx.com/us/en/shop/mens/gamma-mx-pant-8253,Gamma MX Pant,1687,Canvas,5868,36-T,0,300
https://arcteryx.com/us/en/shop/mens/gamma-mx-pant-8253,Gamma MX Pant,1687,Canvas,12749,30-S,0,300
https://arcteryx.com/us/en/shop/mens/gamma-mx-pant-8253,Gamma MX Pant,1836,Black,5801,30-R,296,300
https://arcteryx.com/us/en/shop/mens/gamma-mx-pant-8253,Gamma MX Pant,565,Black Sapphire,5826,32-R,259,300
https://arcteryx.com/us/en/shop/mens/gamma-mx-pant-8253,Gamma MX Pant,565,Black Sapphire,12757,36-S,0,300
https://arcteryx.com/us/en/shop/mens/gamma-mx-pant-8253,Gamma MX Pant,1687,Canvas,5801,30-R,34,300
https://arcteryx.com/us/en/shop/mens/gamma-mx-pant-8253,Gamma MX Pant,1836,Black,5826,32-R,345,300
https://arcteryx.com/us/en/shop/mens/gamma-mx-pant-8253,Gamma MX Pant,1836,Black,5765,28-R,21,300
https://arcteryx.com/us/en/shop/mens/gamma-mx-pant-8253,Gamma MX Pant,1687,Canvas,12752,32-S,1,300
https://arcteryx.com/us/en/shop/mens/gamma-mx-pant-8253,Gamma MX Pant,1687,Canvas,5803,30-T,0,300
https://arcteryx.com/us/en/shop/mens/gamma-mx-pant-8253,Gamma MX Pant,565,Black Sapphire,12752,32-S,0,300
https://arcteryx.com/us/en/shop/mens/gamma-mx-pant-8253,Gamma MX Pant,1836,Black,12749,30-S,0,300
https://arcteryx.com/us/en/shop/mens/gamma-mx-pant-8253,Gamma MX Pant,1836,Black,5866,36-R,136,300
https://arcteryx.com/us/en/shop/mens/gamma-mx-pant-8253,Gamma MX Pant,1687,Canvas,5826,32-R,66,300
https://arcteryx.com/ca/en/shop/mens/kragg-cotton-logo-shirt-ss-8464,Kragg Cotton Logo Shirt SS,7364,Black/Multi,5995,L,0,80
https://arcteryx.com/ca/en/shop/mens/kragg-cotton-logo-shirt-ss-8464,Kragg Cotton Logo Shirt SS,15204,White Light / Multi,12387,XXL,0,80
https://arcteryx.com/ca/en/shop/mens/kragg-cotton-logo-shirt-ss-8464,Kragg Cotton Logo Shirt SS,15206,Stratus / Multi,6020,S,0,80
https://arcteryx.com/ca/en/shop/mens/kragg-cotton-logo-shirt-ss-8464,Kragg Cotton Logo Shirt SS,7364,Black/Multi,12387,XXL,0,80
https://arcteryx.com/ca/en/shop/mens/kragg-cotton-logo-shirt-ss-8464,Kragg Cotton Logo Shirt SS,15204,White Light / Multi,6042,XS,0,80
https://arcteryx.com/ca/en/shop/mens/kragg-cotton-logo-shirt-ss-8464,Kragg Cotton Logo Shirt SS,15204,White Light / Multi,6004,M,0,80
https://arcteryx.com/ca/en/shop/mens/kragg-cotton-logo-shirt-ss-8464,Kragg Cotton Logo Shirt SS,15204,White Light / Multi,6035,XL,0,80
https://arcteryx.com/ca/en/shop/mens/kragg-cotton-logo-shirt-ss-8464,Kragg Cotton Logo Shirt SS,15204,White Light / Multi,6020,S,0,80
https://arcteryx.com/ca/en/shop/mens/kragg-cotton-logo-shirt-ss-8464,Kragg Cotton Logo Shirt SS,15206,Stratus / Multi,5995,L,0,80
https://arcteryx.com/ca/en/shop/mens/kragg-cotton-logo-shirt-ss-8464,Kragg Cotton Logo Shirt SS,7364,Black/Multi,6035,XL,0,80
https://arcteryx.com/ca/en/shop/mens/kragg-cotton-logo-shirt-ss-8464,Kragg Cotton Logo Shirt SS,7364,Black/Multi,6042,XS,0,80
https://arcteryx.com/ca/en/shop/mens/kragg-cotton-logo-shirt-ss-8464,Kragg Cotton Logo Shirt SS,15205,Solaris / Multi,6004,M,137,80
https://arcteryx.com/ca/en/shop/mens/kragg-cotton-logo-shirt-ss-8464,Kragg Cotton Logo Shirt SS,15206,Stratus / Multi,6042,XS,0,80
https://arcteryx.com/ca/en/shop/mens/kragg-cotton-logo-shirt-ss-8464,Kragg Cotton Logo Shirt SS,15205,Solaris / Multi,6042,XS,0,80
https://arcteryx.com/ca/en/shop/mens/kragg-cotton-logo-shirt-ss-8464,Kragg Cotton Logo Shirt SS,15205,Solaris / Multi,5995,L,174,80
https://arcteryx.com/ca/en/shop/mens/kragg-cotton-logo-shirt-ss-8464,Kragg Cotton Logo Shirt SS,15206,Stratus / Multi,6035,XL,0,80
https://arcteryx.com/ca/en/shop/mens/kragg-cotton-logo-shirt-ss-8464,Kragg Cotton Logo Shirt SS,7364,Black/Multi,6004,M,0,80
https://arcteryx.com/ca/en/shop/mens/kragg-cotton-logo-shirt-ss-8464,Kragg Cotton Logo Shirt SS,15205,Solaris / Multi,12387,XXL,43,80
https://arcteryx.com/ca/en/shop/mens/kragg-cotton-logo-shirt-ss-8464,Kragg Cotton Logo Shirt SS,7364,Black/Multi,6020,S,0,80
https://arcteryx.com/ca/en/shop/mens/kragg-cotton-logo-shirt-ss-8464,Kragg Cotton Logo Shirt SS,15206,Stratus / Multi,6004,M,0,80
https://arcteryx.com/ca/en/shop/mens/kragg-cotton-logo-shirt-ss-8464,Kragg Cotton Logo Shirt SS,15205,Solaris / Multi,6020,S,44,80
https://arcteryx.com/ca/en/shop/mens/kragg-cotton-logo-shirt-ss-8464,Kragg Cotton Logo Shirt SS,15205,Solaris / Multi,6035,XL,87,80
https://arcteryx.com/ca/en/shop/mens/kragg-cotton-logo-shirt-ss-8464,Kragg Cotton Logo Shirt SS,15206,Stratus / Multi,12387,XXL,105,80
https://arcteryx.com/ca/en/shop/mens/kragg-cotton-logo-shirt-ss-8464,Kragg Cotton Logo Shirt SS,15204,White Light / Multi,5995,L,0,80
https://arcteryx.com/ca/en/shop/mens/atom-hoody,Atom Hoody,14721,Chloris,6004,M,34,360
https://arcteryx.com/ca/en/shop/mens/atom-hoody,Atom Hoody,15167,Solaris,6004,M,529,360
https://arcteryx.com/ca/en/shop/mens/atom-hoody,Atom Hoody,14721,Chloris,12780,XXXL,5,360
https://arcteryx.com/ca/en/shop/mens/atom-hoody,Atom Hoody,15167,Solaris,6035,XL,267,360
https://arcteryx.com/ca/en/shop/mens/atom-hoody,Atom Hoody,15167,Solaris,6042,XS,24,360
https://arcteryx.com/ca/en/shop/mens/atom-hoody,Atom Hoody,15168,Interstellar,5995,L,312,360
https://arcteryx.com/ca/en/shop/mens/atom-hoody,Atom Hoody,535,Euphoria,6035,XL,32,360
https://arcteryx.com/ca/en/shop/mens/atom-hoody,Atom Hoody,14721,Chloris,5995,L,116,360
https://arcteryx.com/ca/en/shop/mens/atom-hoody,Atom Hoody,535,Euphoria,6020,S,26,360
https://arcteryx.com/ca/en/shop/mens/atom-hoody,Atom Hoody,828,Yukon,6020,S,0,360
https://arcteryx.com/ca/en/shop/mens/atom-hoody,Atom Hoody,1691,Vitality,5995,L,88,360
https://arcteryx.com/ca/en/shop/mens/atom-hoody,Atom Hoody,15167,Solaris,12387,XXL,93,360
https://arcteryx.com/ca/en/shop/mens/atom-hoody,Atom Hoody,15171,Tatsu / Forage / Canvas,12780,XXXL,17,360
https://arcteryx.com/ca/en/shop/mens/atom-hoody,Atom Hoody,828,Yukon,12780,XXXL,3,360
https://arcteryx.com/ca/en/shop/mens/atom-hoody,Atom Hoody,868,Lampyre,6020,S,178,360
https://arcteryx.com/ca/en/shop/mens/atom-hoody,Atom Hoody,868,Lampyre,12780,XXXL,7,360
https://arcteryx.com/ca/en/shop/mens/atom-hoody,Atom Hoody,1691,Vitality,6020,S,19,360
https://arcteryx.com/ca/en/shop/mens/atom-hoody,Atom Hoody,14721,Chloris,6020,S,8,360
https://arcteryx.com/ca/en/shop/mens/atom-hoody,Atom Hoody,828,Yukon,6035,XL,2,360
https://arcteryx.com/ca/en/shop/mens/atom-hoody,Atom Hoody,15171,Tatsu / Forage / Canvas,6042,XS,10,360
https://arcteryx.com/ca/en/shop/mens/atom-hoody,Atom Hoody,14721,Chloris,12387,XXL,39,360
https://arcteryx.com/ca/en/shop/mens/atom-hoody,Atom Hoody,14722,Daybreak,6020,S,4,360
https://arcteryx.com/ca/en/shop/mens/atom-hoody,Atom Hoody,13866,Edziza,6020,S,36,360
https://arcteryx.com/ca/en/shop/mens/atom-hoody,Atom Hoody,565,Black Sapphire,12387,XXL,180,360
https://arcteryx.com/ca/en/shop/mens/atom-hoody,Atom Hoody,1836,Black,6042,XS,198,360
https://arcteryx.com/ca/en/shop/mens/atom-hoody,Atom Hoody,565,Black Sapphire,6020,S,77,360
https://arcteryx.com/ca/en/shop/mens/atom-hoody,Atom Hoody,14722,Daybreak,12387,XXL,24,360
https://arcteryx.com/ca/en/shop/mens/atom-hoody,Atom Hoody,15222,Canvas II,12387,XXL,82,360
https://arcteryx.com/ca/en/shop/mens/atom-hoody,Atom Hoody,14723,Stone Wash,5995,L,91,360
https://arcteryx.com/ca/en/shop/mens/atom-hoody,Atom Hoody,15168,Interstellar,6042,XS,48,360
https://arcteryx.com/ca/en/shop/mens/atom-hoody,Atom Hoody,15168,Interstellar,6020,S,124,360
https://arcteryx.com/ca/en/shop/mens/atom-hoody,Atom Hoody,15171,Tatsu / Forage / Canvas,6035,XL,0,360
https://arcteryx.com/ca/en/shop/mens/atom-hoody,Atom Hoody,828,Yukon,6042,XS,4,360
https://arcteryx.com/ca/en/shop/mens/atom-hoody,Atom Hoody,1523,Solitude,6035,XL,93,360
https://arcteryx.com/ca/en/shop/mens/atom-hoody,Atom Hoody,565,Black Sapphire,12780,XXXL,4,360
https://arcteryx.com/ca/en/shop/mens/atom-hoody,Atom Hoody,565,Black Sapphire,6035,XL,87,360
https://arcteryx.com/ca/en/shop/mens/atom-hoody,Atom Hoody,13866,Edziza,6042,XS,16,360
https://arcteryx.com/ca/en/shop/mens/atom-hoody,Atom Hoody,828,Yukon,12387,XXL,9,360
https://arcteryx.com/ca/en/shop/mens/atom-hoody,Atom Hoody,535,Euphoria,6004,M,92,360
https://arcteryx.com/ca/en/shop/mens/atom-hoody,Atom Hoody,953,24K Black,6035,XL,0,360
https://arcteryx.com/ca/en/shop/mens/atom-hoody,Atom Hoody,14723,Stone Wash,6042,XS,22,360
https://arcteryx.com/ca/en/shop/mens/atom-hoody,Atom Hoody,14722,Daybreak,6004,M,0,360
https://arcteryx.com/ca/en/shop/mens/atom-hoody,Atom Hoody,868,Lampyre,12387,XXL,64,360
https://arcteryx.com/ca/en/shop/mens/atom-hoody,Atom Hoody,15168,Interstellar,6035,XL,185,360
https://arcteryx.com/ca/en/shop/mens/atom-hoody,Atom Hoody,14723,Stone Wash,12387,XXL,37,360
https://arcteryx.com/ca/en/shop/mens/atom-hoody,Atom Hoody,828,Yukon,6004,M,0,360
https://arcteryx.com/ca/en/shop/mens/atom-hoody,Atom Hoody,14723,Stone Wash,6004,M,55,360
https://arcteryx.com/ca/en/shop/mens/atom-hoody,Atom Hoody,1836,Black,5995,L,216,360
https://arcteryx.com/ca/en/shop/mens/atom-hoody,Atom Hoody,565,Black Sapphire,6042,XS,41,360
https://arcteryx.com/ca/en/shop/mens/atom-hoody,Atom Hoody,14722,Daybreak,5995,L,46,360
https://arcteryx.com/ca/en/shop/mens/atom-hoody,Atom Hoody,1691,Vitality,6042,XS,0,360
https://arcteryx.com/ca/en/shop/mens/atom-hoody,Atom Hoody,535,Euphoria,12780,XXXL,5,360
https://arcteryx.com/ca/en/shop/mens/atom-hoody,Atom Hoody,1691,Vitality,6004,M,46,360
https://arcteryx.com/ca/en/shop/mens/atom-hoody,Atom Hoody,13866,Edziza,12387,XXL,45,360
https://arcteryx.com/ca/en/shop/mens/atom-hoody,Atom Hoody,953,24K Black,6020,S,0,360
https://arcteryx.com/ca/en/shop/mens/atom-hoody,Atom Hoody,565,Black Sapphire,6004,M,0,360
https://arcteryx.com/ca/en/shop/mens/atom-hoody,Atom Hoody,14723,Stone Wash,12780,XXXL,4,360
https://arcteryx.com/ca/en/shop/mens/atom-hoody,Atom Hoody,15222,Canvas II,6004,M,349,360
https://arcteryx.com/ca/en/shop/mens/atom-hoody,Atom Hoody,868,Lampyre,5995,L,283,360
https://arcteryx.com/ca/en/shop/mens/atom-hoody,Atom Hoody,15222,Canvas II,6042,XS,19,360
https://arcteryx.com/ca/en/shop/mens/atom-hoody,Atom Hoody,1691,Vitality,12387,XXL,6,360
https://arcteryx.com/ca/en/shop/mens/atom-hoody,Atom Hoody,15167,Solaris,6020,S,177,360
https://arcteryx.com/ca/en/shop/mens/atom-hoody,Atom Hoody,15168,Interstellar,12780,XXXL,20,360
https://arcteryx.com/ca/en/shop/mens/atom-hoody,Atom Hoody,14723,Stone Wash,6035,XL,62,360
https://arcteryx.com/ca/en/shop/mens/atom-hoody,Atom Hoody,1523,Solitude,5995,L,127,360
https://arcteryx.com/ca/en/shop/mens/atom-hoody,Atom Hoody,1523,Solitude,6004,M,64,360
https://arcteryx.com/ca/en/shop/mens/atom-hoody,Atom Hoody,15167,Solaris,12780,XXXL,23,360
https://arcteryx.com/ca/en/shop/mens/atom-hoody,Atom Hoody,15168,Interstellar,6004,M,231,360
https://arcteryx.com/ca/en/shop/mens/atom-hoody,Atom Hoody,1836,Black,6035,XL,0,360
https://arcteryx.com/ca/en/shop/mens/atom-hoody,Atom Hoody,15171,Tatsu / Forage / Canvas,5995,L,0,360
https://arcteryx.com/ca/en/shop/mens/atom-hoody,Atom Hoody,13866,Edziza,6035,XL,84,360
https://arcteryx.com/ca/en/shop/mens/atom-hoody,Atom Hoody,15171,Tatsu / Forage / Canvas,6020,S,0,360
https://arcteryx.com/ca/en/shop/mens/atom-hoody,Atom Hoody,14722,Daybreak,6035,XL,52,360
https://arcteryx.com/ca/en/shop/mens/atom-hoody,Atom Hoody,953,24K Black,5995,L,0,360
https://arcteryx.com/ca/en/shop/mens/atom-hoody,Atom Hoody,953,24K Black,6004,M,0,360
https://arcteryx.com/ca/en/shop/mens/atom-hoody,Atom Hoody,1523,Solitude,6042,XS,0,360
https://arcteryx.com/ca/en/shop/mens/atom-hoody,Atom Hoody,1836,Black,6004,M,152,360
https://arcteryx.com/ca/en/shop/mens/atom-hoody,Atom Hoody,1523,Solitude,12387,XXL,53,360
https://arcteryx.com/ca/en/shop/mens/atom-hoody,Atom Hoody,14723,Stone Wash,6020,S,35,360
https://arcteryx.com/ca/en/shop/mens/atom-hoody,Atom Hoody,953,24K Black,12387,XXL,0,360
https://arcteryx.com/ca/en/shop/mens/atom-hoody,Atom Hoody,15222,Canvas II,12780,XXXL,14,360
https://arcteryx.com/ca/en/shop/mens/atom-hoody,Atom Hoody,828,Yukon,5995,L,0,360
https://arcteryx.com/ca/en/shop/mens/atom-hoody,Atom Hoody,15222,Canvas II,6020,S,87,360
https://arcteryx.com/ca/en/shop/mens/atom-hoody,Atom Hoody,1523,Solitude,6020,S,47,360
https://arcteryx.com/ca/en/shop/mens/atom-hoody,Atom Hoody,13866,Edziza,5995,L,107,360
https://arcteryx.com/ca/en/shop/mens/atom-hoody,Atom Hoody,14721,Chloris,6042,XS,27,360
https://arcteryx.com/ca/en/shop/mens/atom-hoody,Atom Hoody,15171,Tatsu / Forage / Canvas,6004,M,0,360
https://arcteryx.com/ca/en/shop/mens/atom-hoody,Atom Hoody,1836,Black,6020,S,96,360
https://arcteryx.com/ca/en/shop/mens/atom-hoody,Atom Hoody,868,Lampyre,6035,XL,122,360
https://arcteryx.com/ca/en/shop/mens/atom-hoody,Atom Hoody,15222,Canvas II,5995,L,389,360
https://arcteryx.com/ca/en/shop/mens/atom-hoody,Atom Hoody,535,Euphoria,12387,XXL,8,360
https://arcteryx.com/ca/en/shop/mens/atom-hoody,Atom Hoody,868,Lampyre,6042,XS,59,360
https://arcteryx.com/ca/en/shop/mens/atom-hoody,Atom Hoody,953,24K Black,6042,XS,0,360
https://arcteryx.com/ca/en/shop/mens/atom-hoody,Atom Hoody,868,Lampyre,6004,M,268,360
https://arcteryx.com/ca/en/shop/mens/atom-hoody,Atom Hoody,953,24K Black,12780,XXXL,5,360
https://arcteryx.com/ca/en/shop/mens/atom-hoody,Atom Hoody,13866,Edziza,12780,XXXL,1,360
https://arcteryx.com/ca/en/shop/mens/atom-hoody,Atom Hoody,14721,Chloris,6035,XL,85,360
https://arcteryx.com/ca/en/shop/mens/atom-hoody,Atom Hoody,535,Euphoria,5995,L,105,360
https://arcteryx.com/ca/en/shop/mens/atom-hoody,Atom Hoody,1836,Black,12780,XXXL,41,360
https://arcteryx.com/ca/en/shop/mens/atom-hoody,Atom Hoody,1836,Black,12387,XXL,397,360
https://arcteryx.com/ca/en/shop/mens/atom-hoody,Atom Hoody,15222,Canvas II,6035,XL,210,360
https://arcteryx.com/ca/en/shop/mens/atom-hoody,Atom Hoody,565,Black Sapphire,5995,L,66,360
https://arcteryx.com/ca/en/shop/mens/atom-hoody,Atom Hoody,15171,Tatsu / Forage / Canvas,12387,XXL,22,360
https://arcteryx.com/ca/en/shop/mens/atom-hoody,Atom Hoody,1523,Solitude,12780,XXXL,6,360
https://arcteryx.com/ca/en/shop/mens/atom-hoody,Atom Hoody,15167,Solaris,5995,L,629,360
https://arcteryx.com/ca/en/shop/mens/atom-hoody,Atom Hoody,1691,Vitality,6035,XL,40,360
https://arcteryx.com/ca/en/shop/mens/atom-hoody,Atom Hoody,13866,Edziza,6004,M,77,360
https://arcteryx.com/ca/en/shop/mens/atom-hoody,Atom Hoody,14722,Daybreak,12780,XXXL,9,360
https://arcteryx.com/ca/en/shop/mens/atom-hoody,Atom Hoody,1691,Vitality,12780,XXXL,2,360
https://arcteryx.com/ca/en/shop/mens/atom-hoody,Atom Hoody,14722,Daybreak,6042,XS,18,360
https://arcteryx.com/ca/en/shop/mens/atom-hoody,Atom Hoody,15168,Interstellar,12387,XXL,107,360
https://arcteryx.com/ca/en/shop/mens/atom-hoody,Atom Hoody,535,Euphoria,6042,XS,5,360
https://arcteryx.com/us/en/shop/mens/atom-hoody,Atom Hoody,14721,Chloris,6004,M,271,300
https://arcteryx.com/us/en/shop/mens/atom-hoody,Atom Hoody,15167,Solaris,6004,M,479,300
https://arcteryx.com/us/en/shop/mens/atom-hoody,Atom Hoody,14721,Chloris,12780,XXXL,0,300
https://arcteryx.com/us/en/shop/mens/atom-hoody,Atom Hoody,15167,Solaris,6035,XL,285,300
https://arcteryx.com/us/en/shop/mens/atom-hoody,Atom Hoody,15167,Solaris,6042,XS,42,300
https://arcteryx.com/us/en/shop/mens/atom-hoody,Atom Hoody,15168,Interstellar,5995,L,591,300
https://arcteryx.com/us/en/shop/mens/atom-hoody,Atom Hoody,535,Euphoria,6035,XL,52,300
https://arcteryx.com/us/en/shop/mens/atom-hoody,Atom Hoody,14721,Chloris,5995,L,404,300
https://arcteryx.com/us/en/shop/mens/atom-hoody,Atom Hoody,535,Euphoria,6020,S,35,300
https://arcteryx.com/us/en/shop/mens/atom-hoody,Atom Hoody,828,Yukon,6020,S,4,300
https://arcteryx.com/us/en/shop/mens/atom-hoody,Atom Hoody,1691,Vitality,5995,L,129,300
https://arcteryx.com/us/en/shop/mens/atom-hoody,Atom Hoody,15167,Solaris,12387,XXL,123,300
https://arcteryx.com/us/en/shop/mens/atom-hoody,Atom Hoody,15171,Tatsu / Forage / Canvas,12780,XXXL,6,300
https://arcteryx.com/us/en/shop/mens/atom-hoody,Atom Hoody,828,Yukon,12780,XXXL,0,300
https://arcteryx.com/us/en/shop/mens/atom-hoody,Atom Hoody,868,Lampyre,6020,S,52,300
https://arcteryx.com/us/en/shop/mens/atom-hoody,Atom Hoody,868,Lampyre,12780,XXXL,10,300
https://arcteryx.com/us/en/shop/mens/atom-hoody,Atom Hoody,1691,Vitality,6020,S,44,300
https://arcteryx.com/us/en/shop/mens/atom-hoody,Atom Hoody,14721,Chloris,6020,S,32,300
https://arcteryx.com/us/en/shop/mens/atom-hoody,Atom Hoody,828,Yukon,6035,XL,11,300
https://arcteryx.com/us/en/shop/mens/atom-hoody,Atom Hoody,15171,Tatsu / Forage / Canvas,6042,XS,30,300
https://arcteryx.com/us/en/shop/mens/atom-hoody,Atom Hoody,14721,Chloris,12387,XXL,0,300
https://arcteryx.com/us/en/shop/mens/atom-hoody,Atom Hoody,14722,Daybreak,6020,S,1,300
https://arcteryx.com/us/en/shop/mens/atom-hoody,Atom Hoody,13866,Edziza,6020,S,24,300
https://arcteryx.com/us/en/shop/mens/atom-hoody,Atom Hoody,565,Black Sapphire,12387,XXL,506,300
https://arcteryx.com/us/en/shop/mens/atom-hoody,Atom Hoody,1836,Black,6042,XS,204,300
https://arcteryx.com/us/en/shop/mens/atom-hoody,Atom Hoody,565,Black Sapphire,6020,S,690,300
https://arcteryx.com/us/en/shop/mens/atom-hoody,Atom Hoody,14722,Daybreak,12387,XXL,18,300
https://arcteryx.com/us/en/shop/mens/atom-hoody,Atom Hoody,15222,Canvas II,12387,XXL,42,300
https://arcteryx.com/us/en/shop/mens/atom-hoody,Atom Hoody,14723,Stone Wash,5995,L,141,300
https://arcteryx.com/us/en/shop/mens/atom-hoody,Atom Hoody,15168,Interstellar,6042,XS,49,300
https://arcteryx.com/us/en/shop/mens/atom-hoody,Atom Hoody,15168,Interstellar,6020,S,196,300
https://arcteryx.com/us/en/shop/mens/atom-hoody,Atom Hoody,15171,Tatsu / Forage / Canvas,6035,XL,15,300
https://arcteryx.com/us/en/shop/mens/atom-hoody,Atom Hoody,828,Yukon,6042,XS,11,300
https://arcteryx.com/us/en/shop/mens/atom-hoody,Atom Hoody,1523,Solitude,6035,XL,169,300
https://arcteryx.com/us/en/shop/mens/atom-hoody,Atom Hoody,565,Black Sapphire,12780,XXXL,79,300
https://arcteryx.com/us/en/shop/mens/atom-hoody,Atom Hoody,565,Black Sapphire,6035,XL,1318,300
https://arcteryx.com/us/en/shop/mens/atom-hoody,Atom Hoody,13866,Edziza,6042,XS,3,300
https://arcteryx.com/us/en/shop/mens/atom-hoody,Atom Hoody,828,Yukon,12387,XXL,0,300
https://arcteryx.com/us/en/shop/mens/atom-hoody,Atom Hoody,535,Euphoria,6004,M,100,300
https://arcteryx.com/us/en/shop/mens/atom-hoody,Atom Hoody,953,24K Black,6035,XL,0,300
https://arcteryx.com/us/en/shop/mens/atom-hoody,Atom Hoody,14723,Stone Wash,6042,XS,12,300
https://arcteryx.com/us/en/shop/mens/atom-hoody,Atom Hoody,14722,Daybreak,6004,M,9,300
https://arcteryx.com/us/en/shop/mens/atom-hoody,Atom Hoody,868,Lampyre,12387,XXL,54,300
https://arcteryx.com/us/en/shop/mens/atom-hoody,Atom Hoody,15168,Interstellar,6035,XL,307,300
https://arcteryx.com/us/en/shop/mens/atom-hoody,Atom Hoody,14723,Stone Wash,12387,XXL,37,300
https://arcteryx.com/us/en/shop/mens/atom-hoody,Atom Hoody,828,Yukon,6004,M,23,300
https://arcteryx.com/us/en/shop/mens/atom-hoody,Atom Hoody,14723,Stone Wash,6004,M,68,300
https://arcteryx.com/us/en/shop/mens/atom-hoody,Atom Hoody,1836,Black,5995,L,930,300
https://arcteryx.com/us/en/shop/mens/atom-hoody,Atom Hoody,565,Black Sapphire,6042,XS,146,300
https://arcteryx.com/us/en/shop/mens/atom-hoody,Atom Hoody,14722,Daybreak,5995,L,70,300
https://arcteryx.com/us/en/shop/mens/atom-hoody,Atom Hoody,1691,Vitality,6042,XS,15,300
https://arcteryx.com/us/en/shop/mens/atom-hoody,Atom Hoody,535,Euphoria,12780,XXXL,3,300
https://arcteryx.com/us/en/shop/mens/atom-hoody,Atom Hoody,1691,Vitality,6004,M,107,300
https://arcteryx.com/us/en/shop/mens/atom-hoody,Atom Hoody,13866,Edziza,12387,XXL,21,300
https://arcteryx.com/us/en/shop/mens/atom-hoody,Atom Hoody,953,24K Black,6020,S,0,300
https://arcteryx.com/us/en/shop/mens/atom-hoody,Atom Hoody,565,Black Sapphire,6004,M,83,300
https://arcteryx.com/us/en/shop/mens/atom-hoody,Atom Hoody,14723,Stone Wash,12780,XXXL,3,300
https://arcteryx.com/us/en/shop/mens/atom-hoody,Atom Hoody,15222,Canvas II,6004,M,274,300
https://arcteryx.com/us/en/shop/mens/atom-hoody,Atom Hoody,868,Lampyre,5995,L,155,300
https://arcteryx.com/us/en/shop/mens/atom-hoody,Atom Hoody,15222,Canvas II,6042,XS,27,300
https://arcteryx.com/us/en/shop/mens/atom-hoody,Atom Hoody,1691,Vitality,12387,XXL,11,300
https://arcteryx.com/us/en/shop/mens/atom-hoody,Atom Hoody,15167,Solaris,6020,S,127,300
https://arcteryx.com/us/en/shop/mens/atom-hoody,Atom Hoody,15168,Interstellar,12780,XXXL,16,300
https://arcteryx.com/us/en/shop/mens/atom-hoody,Atom Hoody,14723,Stone Wash,6035,XL,68,300
https://arcteryx.com/us/en/shop/mens/atom-hoody,Atom Hoody,1523,Solitude,5995,L,105,300
https://arcteryx.com/us/en/shop/mens/atom-hoody,Atom Hoody,1523,Solitude,6004,M,95,300
https://arcteryx.com/us/en/shop/mens/atom-hoody,Atom Hoody,15167,Solaris,12780,XXXL,19,300
https://arcteryx.com/us/en/shop/mens/atom-hoody,Atom Hoody,15168,Interstellar,6004,M,491,300
https://arcteryx.com/us/en/shop/mens/atom-hoody,Atom Hoody,1836,Black,6035,XL,1105,300
https://arcteryx.com/us/en/shop/mens/atom-hoody,Atom Hoody,15171,Tatsu / Forage / Canvas,5995,L,139,300
https://arcteryx.com/us/en/shop/mens/atom-hoody,Atom Hoody,13866,Edziza,6035,XL,48,300
https://arcteryx.com/us/en/shop/mens/atom-hoody,Atom Hoody,15171,Tatsu / Forage / Canvas,6020,S,0,300
https://arcteryx.com/us/en/shop/mens/atom-hoody,Atom Hoody,14722,Daybreak,6035,XL,7,300
https://arcteryx.com/us/en/shop/mens/atom-hoody,Atom Hoody,953,24K Black,5995,L,0,300
https://arcteryx.com/us/en/shop/mens/atom-hoody,Atom Hoody,953,24K Black,6004,M,0,300
https://arcteryx.com/us/en/shop/mens/atom-hoody,Atom Hoody,1523,Solitude,6042,XS,3,300
https://arcteryx.com/us/en/shop/mens/atom-hoody,Atom Hoody,1836,Black,6004,M,87,300
https://arcteryx.com/us/en/shop/mens/atom-hoody,Atom Hoody,1523,Solitude,12387,XXL,43,300
https://arcteryx.com/us/en/shop/mens/atom-hoody,Atom Hoody,14723,Stone Wash,6020,S,14,300
https://arcteryx.com/us/en/shop/mens/atom-hoody,Atom Hoody,953,24K Black,12387,XXL,0,300
https://arcteryx.com/us/en/shop/mens/atom-hoody,Atom Hoody,15222,Canvas II,12780,XXXL,12,300
https://arcteryx.com/us/en/shop/mens/atom-hoody,Atom Hoody,828,Yukon,5995,L,162,300
https://arcteryx.com/us/en/shop/mens/atom-hoody,Atom Hoody,15222,Canvas II,6020,S,104,300
https://arcteryx.com/us/en/shop/mens/atom-hoody,Atom Hoody,1523,Solitude,6020,S,36,300
https://arcteryx.com/us/en/shop/mens/atom-hoody,Atom Hoody,13866,Edziza,5995,L,59,300
https://arcteryx.com/us/en/shop/mens/atom-hoody,Atom Hoody,14721,Chloris,6042,XS,16,300
https://arcteryx.com/us/en/shop/mens/atom-hoody,Atom Hoody,15171,Tatsu / Forage / Canvas,6004,M,81,300
https://arcteryx.com/us/en/shop/mens/atom-hoody,Atom Hoody,1836,Black,6020,S,293,300
https://arcteryx.com/us/en/shop/mens/atom-hoody,Atom Hoody,868,Lampyre,6035,XL,35,300
https://arcteryx.com/us/en/shop/mens/atom-hoody,Atom Hoody,15222,Canvas II,5995,L,291,300
https://arcteryx.com/us/en/shop/mens/atom-hoody,Atom Hoody,535,Euphoria,12387,XXL,9,300
https://arcteryx.com/us/en/shop/mens/atom-hoody,Atom Hoody,868,Lampyre,6042,XS,13,300
https://arcteryx.com/us/en/shop/mens/atom-hoody,Atom Hoody,953,24K Black,6042,XS,13,300
https://arcteryx.com/us/en/shop/mens/atom-hoody,Atom Hoody,868,Lampyre,6004,M,131,300
https://arcteryx.com/us/en/shop/mens/atom-hoody,Atom Hoody,953,24K Black,12780,XXXL,11,300
https://arcteryx.com/us/en/shop/mens/atom-hoody,Atom Hoody,13866,Edziza,12780,XXXL,0,300
https://arcteryx.com/us/en/shop/mens/atom-hoody,Atom Hoody,14721,Chloris,6035,XL,91,300
https://arcteryx.com/us/en/shop/mens/atom-hoody,Atom Hoody,535,Euphoria,5995,L,110,300
https://arcteryx.com/us/en/shop/mens/atom-hoody,Atom Hoody,1836,Black,12780,XXXL,105,300
https://arcteryx.com/us/en/shop/mens/atom-hoody,Atom Hoody,1836,Black,12387,XXL,931,300
https://arcteryx.com/us/en/shop/mens/atom-hoody,Atom Hoody,15222,Canvas II,6035,XL,165,300
https://arcteryx.com/us/en/shop/mens/atom-hoody,Atom Hoody,565,Black Sapphire,5995,L,1692,300
https://arcteryx.com/us/en/shop/mens/atom-hoody,Atom Hoody,15171,Tatsu / Forage / Canvas,12387,XXL,45,300
https://arcteryx.com/us/en/shop/mens/atom-hoody,Atom Hoody,1523,Solitude,12780,XXXL,10,300
https://arcteryx.com/us/en/shop/mens/atom-hoody,Atom Hoody,15167,Solaris,5995,L,562,300
https://arcteryx.com/us/en/shop/mens/atom-hoody,Atom Hoody,1691,Vitality,6035,XL,58,300
https://arcteryx.com/us/en/shop/mens/atom-hoody,Atom Hoody,13866,Edziza,6004,M,49,300
https://arcteryx.com/us/en/shop/mens/atom-hoody,Atom Hoody,14722,Daybreak,12780,XXXL,3,300
https://arcteryx.com/us/en/shop/mens/atom-hoody,Atom Hoody,1691,Vitality,12780,XXXL,0,300
https://arcteryx.com/us/en/shop/mens/atom-hoody,Atom Hoody,14722,Daybreak,6042,XS,6,300
https://arcteryx.com/us/en/shop/mens/atom-hoody,Atom Hoody,15168,Interstellar,12387,XXL,110,300
https://arcteryx.com/us/en/shop/mens/atom-hoody,Atom Hoody,535,Euphoria,6042,XS,2,300
https://arcteryx.com/ca/en/shop/konseal-15-backpack,Konseal 15 Backpack,1836,Black,6013,NA,0,80
https://arcteryx.com/ca/en/shop/konseal-15-backpack,Konseal 15 Backpack,1691,Vitality,6013,NA,0,80
https://arcteryx.com/ca/en/shop/konseal-15-backpack,Konseal 15 Backpack,11291,Heritage,6013,NA,0,80
https://arcteryx.com/ca/us/shop/konseal-15-backpack,Konseal 15 Backpack,1836,Black,6013,NA,0,80
https://arcteryx.com/ca/us/shop/konseal-15-backpack,Konseal 15 Backpack,1691,Vitality,6013,NA,0,80
https://arcteryx.com/ca/us/shop/konseal-15-backpack,Konseal 15 Backpack,11291,Heritage,6013,NA,0,80
https://arcteryx.com/ca/en/shop/mens/gamma-ar-pant,Gamma AR Pant,1836,Black,12756,36,0,240
https://arcteryx.com/ca/en/shop/mens/gamma-ar-pant,Gamma AR Pant,1410,Tatsu,12748,30,0,240
https://arcteryx.com/ca/en/shop/mens/gamma-ar-pant,Gamma AR Pant,1410,Tatsu,12756,36,11,240
https://arcteryx.com/ca/en/shop/mens/gamma-ar-pant,Gamma AR Pant,1836,Black,12752,32-S,0,240
https://arcteryx.com/ca/en/shop/mens/gamma-ar-pant,Gamma AR Pant,1492,Graphite,12756,36,0,240
https://arcteryx.com/ca/en/shop/mens/gamma-ar-pant,Gamma AR Pant,1410,Tatsu,12749,30-S,0,240
https://arcteryx.com/ca/en/shop/mens/gamma-ar-pant,Gamma AR Pant,1492,Graphite,12752,32-S,0,240
https://arcteryx.com/ca/en/shop/mens/gamma-ar-pant,Gamma AR Pant,1836,Black,12748,30,0,240
https://arcteryx.com/ca/en/shop/mens/gamma-ar-pant,Gamma AR Pant,1410,Tatsu,12755,34-S,0,240
https://arcteryx.com/ca/en/shop/mens/gamma-ar-pant,Gamma AR Pant,1836,Black,5803,30-T,0,240
https://arcteryx.com/ca/en/shop/mens/gamma-ar-pant,Gamma AR Pant,1410,Tatsu,12754,34,0,240
https://arcteryx.com/ca/en/shop/mens/gamma-ar-pant,Gamma AR Pant,1836,Black,12755,34-S,0,240
https://arcteryx.com/ca/en/shop/mens/gamma-ar-pant,Gamma AR Pant,1492,Graphite,12748,30,0,240
https://arcteryx.com/ca/en/shop/mens/gamma-ar-pant,Gamma AR Pant,1410,Tatsu,5828,32-T,0,240
https://arcteryx.com/ca/en/shop/mens/gamma-ar-pant,Gamma AR Pant,1492,Graphite,12749,30-S,0,240
https://arcteryx.com/ca/en/shop/mens/gamma-ar-pant,Gamma AR Pant,1492,Graphite,5850,34-T,0,240
https://arcteryx.com/ca/en/shop/mens/gamma-ar-pant,Gamma AR Pant,1836,Black,12757,36-S,0,240
https://arcteryx.com/ca/en/shop/mens/gamma-ar-pant,Gamma AR Pant,1410,Tatsu,12758,38,3,240
https://arcteryx.com/ca/en/shop/mens/gamma-ar-pant,Gamma AR Pant,1410,Tatsu,5850,34-T,0,240
https://arcteryx.com/ca/en/shop/mens/gamma-ar-pant,Gamma AR Pant,1410,Tatsu,12757,36-S,0,240
https://arcteryx.com/ca/en/shop/mens/gamma-ar-pant,Gamma AR Pant,1492,Graphite,12754,34,0,240
https://arcteryx.com/ca/en/shop/mens/gamma-ar-pant,Gamma AR Pant,1836,Black,5850,34-T,0,240
https://arcteryx.com/ca/en/shop/mens/gamma-ar-pant,Gamma AR Pant,1492,Graphite,5803,30-T,4,240
https://arcteryx.com/ca/en/shop/mens/gamma-ar-pant,Gamma AR Pant,1410,Tatsu,5803,30-T,0,240
https://arcteryx.com/ca/en/shop/mens/gamma-ar-pant,Gamma AR Pant,1410,Tatsu,12741,28,0,240
https://arcteryx.com/ca/en/shop/mens/gamma-ar-pant,Gamma AR Pant,1492,Graphite,12741,28,0,240
https://arcteryx.com/ca/en/shop/mens/gamma-ar-pant,Gamma AR Pant,1410,Tatsu,5868,36-T,0,240
https://arcteryx.com/ca/en/shop/mens/gamma-ar-pant,Gamma AR Pant,1836,Black,12751,32,0,240
https://arcteryx.com/ca/en/shop/mens/gamma-ar-pant,Gamma AR Pant,1492,Graphite,12758,38,0,240
https://arcteryx.com/ca/en/shop/mens/gamma-ar-pant,Gamma AR Pant,1836,Black,12758,38,0,240
https://arcteryx.com/ca/en/shop/mens/gamma-ar-pant,Gamma AR Pant,1836,Black,12741,28,0,240
https://arcteryx.com/ca/en/shop/mens/gamma-ar-pant,Gamma AR Pant,1836,Black,5828,32-T,0,240
https://arcteryx.com/ca/en/shop/mens/gamma-ar-pant,Gamma AR Pant,1836,Black,12754,34,0,240
https://arcteryx.com/ca/en/shop/mens/gamma-ar-pant,Gamma AR Pant,1492,Graphite,12755,34-S,0,240
https://arcteryx.com/ca/en/shop/mens/gamma-ar-pant,Gamma AR Pant,1410,Tatsu,12752,32-S,0,240
https://arcteryx.com/ca/en/shop/mens/gamma-ar-pant,Gamma AR Pant,1492,Graphite,5868,36-T,0,240
https://arcteryx.com/ca/en/shop/mens/gamma-ar-pant,Gamma AR Pant,1492,Graphite,12757,36-S,0,240
https://arcteryx.com/ca/en/shop/mens/gamma-ar-pant,Gamma AR Pant,1492,Graphite,12751,32,0,240
https://arcteryx.com/ca/en/shop/mens/gamma-ar-pant,Gamma AR Pant,1836,Black,5868,36-T,0,240
https://arcteryx.com/ca/en/shop/mens/gamma-ar-pant,Gamma AR Pant,1836,Black,12749,30-S,0,240
https://arcteryx.com/ca/en/shop/mens/gamma-ar-pant,Gamma AR Pant,1492,Graphite,5828,32-T,0,240
https://arcteryx.com/ca/en/shop/mens/gamma-ar-pant,Gamma AR Pant,1410,Tatsu,12751,32,0,240
https://arcteryx.com/us/en/shop/mens/gamma-ar-pant,Gamma AR Pant,1836,Black,12756,36,0,200
https://arcteryx.com/us/en/shop/mens/gamma-ar-pant,Gamma AR Pant,1410,Tatsu,12748,30,25,200
https://arcteryx.com/us/en/shop/mens/gamma-ar-pant,Gamma AR Pant,1410,Tatsu,12756,36,26,200
https://arcteryx.com/us/en/shop/mens/gamma-ar-pant,Gamma AR Pant,1836,Black,12752,32-S,0,200
https://arcteryx.com/us/en/shop/mens/gamma-ar-pant,Gamma AR Pant,1492,Graphite,12756,36,108,200
https://arcteryx.com/us/en/shop/mens/gamma-ar-pant,Gamma AR Pant,1410,Tatsu,12749,30-S,0,200
https://arcteryx.com/us/en/shop/mens/gamma-ar-pant,Gamma AR Pant,1492,Graphite,12752,32-S,0,200
https://arcteryx.com/us/en/shop/mens/gamma-ar-pant,Gamma AR Pant,1836,Black,12748,30,0,200
https://arcteryx.com/us/en/shop/mens/gamma-ar-pant,Gamma AR Pant,1410,Tatsu,12755,34-S,0,200
https://arcteryx.com/us/en/shop/mens/gamma-ar-pant,Gamma AR Pant,1836,Black,5803,30-T,0,200
https://arcteryx.com/us/en/shop/mens/gamma-ar-pant,Gamma AR Pant,1410,Tatsu,12754,34,47,200
https://arcteryx.com/us/en/shop/mens/gamma-ar-pant,Gamma AR Pant,1836,Black,12755,34-S,0,200
https://arcteryx.com/us/en/shop/mens/gamma-ar-pant,Gamma AR Pant,1492,Graphite,12748,30,45,200
https://arcteryx.com/us/en/shop/mens/gamma-ar-pant,Gamma AR Pant,1410,Tatsu,5828,32-T,0,200
https://arcteryx.com/us/en/shop/mens/gamma-ar-pant,Gamma AR Pant,1492,Graphite,12749,30-S,0,200
https://arcteryx.com/us/en/shop/mens/gamma-ar-pant,Gamma AR Pant,1492,Graphite,5850,34-T,0,200
https://arcteryx.com/us/en/shop/mens/gamma-ar-pant,Gamma AR Pant,1836,Black,12757,36-S,0,200
https://arcteryx.com/us/en/shop/mens/gamma-ar-pant,Gamma AR Pant,1410,Tatsu,12758,38,19,200
https://arcteryx.com/us/en/shop/mens/gamma-ar-pant,Gamma AR Pant,1410,Tatsu,5850,34-T,0,200
https://arcteryx.com/us/en/shop/mens/gamma-ar-pant,Gamma AR Pant,1410,Tatsu,12757,36-S,0,200
https://arcteryx.com/us/en/shop/mens/gamma-ar-pant,Gamma AR Pant,1492,Graphite,12754,34,141,200
https://arcteryx.com/us/en/shop/mens/gamma-ar-pant,Gamma AR Pant,1836,Black,5850,34-T,0,200
https://arcteryx.com/us/en/shop/mens/gamma-ar-pant,Gamma AR Pant,1492,Graphite,5803,30-T,0,200
https://arcteryx.com/us/en/shop/mens/gamma-ar-pant,Gamma AR Pant,1410,Tatsu,5803,30-T,0,200
https://arcteryx.com/us/en/shop/mens/gamma-ar-pant,Gamma AR Pant,1410,Tatsu,12741,28,0,200
https://arcteryx.com/us/en/shop/mens/gamma-ar-pant,Gamma AR Pant,1492,Graphite,12741,28,1,200
https://arcteryx.com/us/en/shop/mens/gamma-ar-pant,Gamma AR Pant,1410,Tatsu,5868,36-T,0,200
https://arcteryx.com/us/en/shop/mens/gamma-ar-pant,Gamma AR Pant,1836,Black,12751,32,0,200
https://arcteryx.com/us/en/shop/mens/gamma-ar-pant,Gamma AR Pant,1492,Graphite,12758,38,37,200
https://arcteryx.com/us/en/shop/mens/gamma-ar-pant,Gamma AR Pant,1836,Black,12758,38,0,200
https://arcteryx.com/us/en/shop/mens/gamma-ar-pant,Gamma AR Pant,1836,Black,12741,28,0,200
https://arcteryx.com/us/en/shop/mens/gamma-ar-pant,Gamma AR Pant,1836,Black,5828,32-T,0,200
https://arcteryx.com/us/en/shop/mens/gamma-ar-pant,Gamma AR Pant,1836,Black,12754,34,0,200
https://arcteryx.com/us/en/shop/mens/gamma-ar-pant,Gamma AR Pant,1492,Graphite,12755,34-S,0,200
https://arcteryx.com/us/en/shop/mens/gamma-ar-pant,Gamma AR Pant,1410,Tatsu,12752,32-S,0,200
https://arcteryx.com/us/en/shop/mens/gamma-ar-pant,Gamma AR Pant,1492,Graphite,5868,36-T,0,200
https://arcteryx.com/us/en/shop/mens/gamma-ar-pant,Gamma AR Pant,1492,Graphite,12757,36-S,0,200
https://arcteryx.com/us/en/shop/mens/gamma-ar-pant,Gamma AR Pant,1492,Graphite,12751,32,106,200
https://arcteryx.com/us/en/shop/mens/gamma-ar-pant,Gamma AR Pant,1836,Black,5868,36-T,0,200
https://arcteryx.com/us/en/shop/mens/gamma-ar-pant,Gamma AR Pant,1836,Black,12749,30-S,0,200
https://arcteryx.com/us/en/shop/mens/gamma-ar-pant,Gamma AR Pant,1492,Graphite,5828,32-T,0,200
https://arcteryx.com/us/en/shop/mens/gamma-ar-pant,Gamma AR Pant,1410,Tatsu,12751,32,51,200
https://arcteryx.com/ca/en/shop/mens/atom-heavyweight-hoody,Atom Heavyweight Hoody,15167,Solaris,6035,XL,44,400
https://arcteryx.com/ca/en/shop/mens/atom-heavyweight-hoody,Atom Heavyweight Hoody,1419,Rune,6004,M,0,400
https://arcteryx.com/ca/en/shop/mens/atom-heavyweight-hoody,Atom Heavyweight Hoody,1836,Black,6004,M,0,400
https://arcteryx.com/ca/en/shop/mens/atom-heavyweight-hoody,Atom Heavyweight Hoody,1419,Rune,5995,L,32,400
https://arcteryx.com/ca/en/shop/mens/atom-heavyweight-hoody,Atom Heavyweight Hoody,15149,Eden,6020,S,0,400
https://arcteryx.com/ca/en/shop/mens/atom-heavyweight-hoody,Atom Heavyweight Hoody,15167,Solaris,12387,XXL,21,400
https://arcteryx.com/ca/en/shop/mens/atom-heavyweight-hoody,Atom Heavyweight Hoody,15149,Eden,12387,XXL,4,400
https://arcteryx.com/ca/en/shop/mens/atom-heavyweight-hoody,Atom Heavyweight Hoody,1419,Rune,6020,S,7,400
https://arcteryx.com/ca/en/shop/mens/atom-heavyweight-hoody,Atom Heavyweight Hoody,1419,Rune,6035,XL,72,400
https://arcteryx.com/ca/en/shop/mens/atom-heavyweight-hoody,Atom Heavyweight Hoody,15167,Solaris,5995,L,71,400
https://arcteryx.com/ca/en/shop/mens/atom-heavyweight-hoody,Atom Heavyweight Hoody,1836,Black,12387,XXL,818,400
https://arcteryx.com/ca/en/shop/mens/atom-heavyweight-hoody,Atom Heavyweight Hoody,15167,Solaris,6020,S,33,400
https://arcteryx.com/ca/en/shop/mens/atom-heavyweight-hoody,Atom Heavyweight Hoody,565,Black Sapphire,6020,S,46,400
https://arcteryx.com/ca/en/shop/mens/atom-heavyweight-hoody,Atom Heavyweight Hoody,1419,Rune,12387,XXL,25,400
https://arcteryx.com/ca/en/shop/mens/atom-heavyweight-hoody,Atom Heavyweight Hoody,1419,Rune,6042,XS,2,400
https://arcteryx.com/ca/en/shop/mens/atom-heavyweight-hoody,Atom Heavyweight Hoody,1836,Black,6042,XS,80,400
https://arcteryx.com/ca/en/shop/mens/atom-heavyweight-hoody,Atom Heavyweight Hoody,565,Black Sapphire,6035,XL,38,400
https://arcteryx.com/ca/en/shop/mens/atom-heavyweight-hoody,Atom Heavyweight Hoody,1836,Black,6035,XL,0,400
https://arcteryx.com/ca/en/shop/mens/atom-heavyweight-hoody,Atom Heavyweight Hoody,1836,Black,5995,L,0,400
https://arcteryx.com/ca/en/shop/mens/atom-heavyweight-hoody,Atom Heavyweight Hoody,15149,Eden,6042,XS,0,400
https://arcteryx.com/ca/en/shop/mens/atom-heavyweight-hoody,Atom Heavyweight Hoody,15149,Eden,6035,XL,10,400
https://arcteryx.com/ca/en/shop/mens/atom-heavyweight-hoody,Atom Heavyweight Hoody,565,Black Sapphire,6004,M,0,400
https://arcteryx.com/ca/en/shop/mens/atom-heavyweight-hoody,Atom Heavyweight Hoody,565,Black Sapphire,5995,L,0,400
https://arcteryx.com/ca/en/shop/mens/atom-heavyweight-hoody,Atom Heavyweight Hoody,1836,Black,6020,S,0,400
https://arcteryx.com/ca/en/shop/mens/atom-heavyweight-hoody,Atom Heavyweight Hoody,565,Black Sapphire,12387,XXL,25,400
https://arcteryx.com/ca/en/shop/mens/atom-heavyweight-hoody,Atom Heavyweight Hoody,15167,Solaris,6042,XS,4,400
https://arcteryx.com/ca/en/shop/mens/atom-heavyweight-hoody,Atom Heavyweight Hoody,565,Black Sapphire,6042,XS,7,400
https://arcteryx.com/ca/en/shop/mens/atom-heavyweight-hoody,Atom Heavyweight Hoody,15149,Eden,6004,M,0,400
https://arcteryx.com/ca/en/shop/mens/atom-heavyweight-hoody,Atom Heavyweight Hoody,15149,Eden,5995,L,0,400
https://arcteryx.com/ca/en/shop/mens/atom-heavyweight-hoody,Atom Heavyweight Hoody,15167,Solaris,6004,M,61,400
https://arcteryx.com/ca/en/shop/mens/rho-lt-crew-neck-9417,Rho LT Crew Neck,1863,Sequoia,6004,M,0,120
https://arcteryx.com/ca/en/shop/mens/rho-lt-crew-neck-9417,Rho LT Crew Neck,565,Black Sapphire,6035,XL,0,120
https://arcteryx.com/ca/en/shop/mens/rho-lt-crew-neck-9417,Rho LT Crew Neck,565,Black Sapphire,6004,M,0,120
https://arcteryx.com/ca/en/shop/mens/rho-lt-crew-neck-9417,Rho LT Crew Neck,1836,Black,6042,XS,0,120
https://arcteryx.com/ca/en/shop/mens/rho-lt-crew-neck-9417,Rho LT Crew Neck,1863,Sequoia,12387,XXL,7,120
https://arcteryx.com/ca/en/shop/mens/rho-lt-crew-neck-9417,Rho LT Crew Neck,535,Euphoria,12387,XXL,10,120
https://arcteryx.com/ca/en/shop/mens/rho-lt-crew-neck-9417,Rho LT Crew Neck,565,Black Sapphire,5995,L,0,120
https://arcteryx.com/ca/en/shop/mens/rho-lt-crew-neck-9417,Rho LT Crew Neck,1836,Black,6004,M,0,120
https://arcteryx.com/ca/en/shop/mens/rho-lt-crew-neck-9417,Rho LT Crew Neck,1836,Black,12387,XXL,0,120
https://arcteryx.com/ca/en/shop/mens/rho-lt-crew-neck-9417,Rho LT Crew Neck,1863,Sequoia,5995,L,0,120
https://arcteryx.com/ca/en/shop/mens/rho-lt-crew-neck-9417,Rho LT Crew Neck,565,Black Sapphire,12387,XXL,0,120
https://arcteryx.com/ca/en/shop/mens/rho-lt-crew-neck-9417,Rho LT Crew Neck,535,Euphoria,6004,M,70,120
https://arcteryx.com/ca/en/shop/mens/rho-lt-crew-neck-9417,Rho LT Crew Neck,535,Euphoria,6035,XL,34,120
https://arcteryx.com/ca/en/shop/mens/rho-lt-crew-neck-9417,Rho LT Crew Neck,565,Black Sapphire,6020,S,0,120
https://arcteryx.com/ca/en/shop/mens/rho-lt-crew-neck-9417,Rho LT Crew Neck,1836,Black,6035,XL,0,120
https://arcteryx.com/ca/en/shop/mens/rho-lt-crew-neck-9417,Rho LT Crew Neck,535,Euphoria,6042,XS,1,120
https://arcteryx.com/ca/en/shop/mens/rho-lt-crew-neck-9417,Rho LT Crew Neck,1836,Black,5995,L,0,120
https://arcteryx.com/ca/en/shop/mens/rho-lt-crew-neck-9417,Rho LT Crew Neck,535,Euphoria,6020,S,17,120
https://arcteryx.com/ca/en/shop/mens/rho-lt-crew-neck-9417,Rho LT Crew Neck,565,Black Sapphire,6042,XS,0,120
https://arcteryx.com/ca/en/shop/mens/rho-lt-crew-neck-9417,Rho LT Crew Neck,535,Euphoria,5995,L,69,120
https://arcteryx.com/ca/en/shop/mens/rho-lt-crew-neck-9417,Rho LT Crew Neck,1836,Black,6020,S,0,120
https://arcteryx.com/ca/en/shop/mens/rho-lt-crew-neck-9417,Rho LT Crew Neck,1863,Sequoia,6020,S,0,120
https://arcteryx.com/ca/en/shop/mens/rho-lt-crew-neck-9417,Rho LT Crew Neck,1863,Sequoia,6035,XL,5,120
https://arcteryx.com/ca/en/shop/mens/rho-lt-crew-neck-9417,Rho LT Crew Neck,1863,Sequoia,6042,XS,0,120
https://arcteryx.com/us/en/shop/mens/rho-lt-crew-neck-9417,Rho LT Crew Neck,1863,Sequoia,6004,M,1,100
https://arcteryx.com/us/en/shop/mens/rho-lt-crew-neck-9417,Rho LT Crew Neck,565,Black Sapphire,6035,XL,0,100
https://arcteryx.com/us/en/shop/mens/rho-lt-crew-neck-9417,Rho LT Crew Neck,565,Black Sapphire,6004,M,0,100
https://arcteryx.com/us/en/shop/mens/rho-lt-crew-neck-9417,Rho LT Crew Neck,1836,Black,6042,XS,0,100
https://arcteryx.com/us/en/shop/mens/rho-lt-crew-neck-9417,Rho LT Crew Neck,1863,Sequoia,12387,XXL,0,100
https://arcteryx.com/us/en/shop/mens/rho-lt-crew-neck-9417,Rho LT Crew Neck,535,Euphoria,12387,XXL,13,100
https://arcteryx.com/us/en/shop/mens/rho-lt-crew-neck-9417,Rho LT Crew Neck,565,Black Sapphire,5995,L,0,100
https://arcteryx.com/us/en/shop/mens/rho-lt-crew-neck-9417,Rho LT Crew Neck,1836,Black,6004,M,0,100
https://arcteryx.com/us/en/shop/mens/rho-lt-crew-neck-9417,Rho LT Crew Neck,1836,Black,12387,XXL,0,100
https://arcteryx.com/us/en/shop/mens/rho-lt-crew-neck-9417,Rho LT Crew Neck,1863,Sequoia,5995,L,19,100
https://arcteryx.com/us/en/shop/mens/rho-lt-crew-neck-9417,Rho LT Crew Neck,565,Black Sapphire,12387,XXL,0,100
https://arcteryx.com/us/en/shop/mens/rho-lt-crew-neck-9417,Rho LT Crew Neck,535,Euphoria,6004,M,78,100
https://arcteryx.com/us/en/shop/mens/rho-lt-crew-neck-9417,Rho LT Crew Neck,535,Euphoria,6035,XL,51,100
https://arcteryx.com/us/en/shop/mens/rho-lt-crew-neck-9417,Rho LT Crew Neck,565,Black Sapphire,6020,S,0,100
https://arcteryx.com/us/en/shop/mens/rho-lt-crew-neck-9417,Rho LT Crew Neck,1836,Black,6035,XL,0,100
https://arcteryx.com/us/en/shop/mens/rho-lt-crew-neck-9417,Rho LT Crew Neck,535,Euphoria,6042,XS,1,100
https://arcteryx.com/us/en/shop/mens/rho-lt-crew-neck-9417,Rho LT Crew Neck,1836,Black,5995,L,0,100
https://arcteryx.com/us/en/shop/mens/rho-lt-crew-neck-9417,Rho LT Crew Neck,535,Euphoria,6020,S,25,100
https://arcteryx.com/us/en/shop/mens/rho-lt-crew-neck-9417,Rho LT Crew Neck,565,Black Sapphire,6042,XS,4,100
https://arcteryx.com/us/en/shop/mens/rho-lt-crew-neck-9417,Rho LT Crew Neck,535,Euphoria,5995,L,95,100
https://arcteryx.com/us/en/shop/mens/rho-lt-crew-neck-9417,Rho LT Crew Neck,1836,Black,6020,S,0,100
https://arcteryx.com/us/en/shop/mens/rho-lt-crew-neck-9417,Rho LT Crew Neck,1863,Sequoia,6020,S,1,100
https://arcteryx.com/us/en/shop/mens/rho-lt-crew-neck-9417,Rho LT Crew Neck,1863,Sequoia,6035,XL,51,100
https://arcteryx.com/us/en/shop/mens/rho-lt-crew-neck-9417,Rho LT Crew Neck,1863,Sequoia,6042,XS,0,100
https://arcteryx.com/ca/en/shop/mens/gamma-mx-hoody-8485,Gamma MX Hoody,565,Black Sapphire,6004,M,0,500
https://arcteryx.com/ca/en/shop/mens/gamma-mx-hoody-8485,Gamma MX Hoody,1836,Black,5995,L,0,500
https://arcteryx.com/ca/en/shop/mens/gamma-mx-hoody-8485,Gamma MX Hoody,1419,Rune,5995,L,0,500
https://arcteryx.com/ca/en/shop/mens/gamma-mx-hoody-8485,Gamma MX Hoody,1419,Rune,12387,XXL,75,500
https://arcteryx.com/ca/en/shop/mens/gamma-mx-hoody-8485,Gamma MX Hoody,565,Black Sapphire,12387,XXL,26,500
https://arcteryx.com/ca/en/shop/mens/gamma-mx-hoody-8485,Gamma MX Hoody,1691,Vitality,5995,L,0,500
https://arcteryx.com/ca/en/shop/mens/gamma-mx-hoody-8485,Gamma MX Hoody,1419,Rune,6035,XL,0,500
https://arcteryx.com/ca/en/shop/mens/gamma-mx-hoody-8485,Gamma MX Hoody,1836,Black,6035,XL,0,500
https://arcteryx.com/ca/en/shop/mens/gamma-mx-hoody-8485,Gamma MX Hoody,565,Black Sapphire,6042,XS,0,500
https://arcteryx.com/ca/en/shop/mens/gamma-mx-hoody-8485,Gamma MX Hoody,1691,Vitality,6042,XS,0,500
https://arcteryx.com/ca/en/shop/mens/gamma-mx-hoody-8485,Gamma MX Hoody,15175,Sequoia / Solaris,6035,XL,0,500
https://arcteryx.com/ca/en/shop/mens/gamma-mx-hoody-8485,Gamma MX Hoody,1691,Vitality,12387,XXL,28,500
https://arcteryx.com/ca/en/shop/mens/gamma-mx-hoody-8485,Gamma MX Hoody,1836,Black,6042,XS,0,500
https://arcteryx.com/ca/en/shop/mens/gamma-mx-hoody-8485,Gamma MX Hoody,15175,Sequoia / Solaris,6042,XS,0,500
https://arcteryx.com/ca/en/shop/mens/gamma-mx-hoody-8485,Gamma MX Hoody,15175,Sequoia / Solaris,5995,L,0,500
https://arcteryx.com/ca/en/shop/mens/gamma-mx-hoody-8485,Gamma MX Hoody,1836,Black,12387,XXL,0,500
https://arcteryx.com/ca/en/shop/mens/gamma-mx-hoody-8485,Gamma MX Hoody,15175,Sequoia / Solaris,6004,M,0,500
https://arcteryx.com/ca/en/shop/mens/gamma-mx-hoody-8485,Gamma MX Hoody,1836,Black,6020,S,0,500
https://arcteryx.com/ca/en/shop/mens/gamma-mx-hoody-8485,Gamma MX Hoody,1419,Rune,6020,S,0,500
https://arcteryx.com/ca/en/shop/mens/gamma-mx-hoody-8485,Gamma MX Hoody,1419,Rune,6004,M,0,500
https://arcteryx.com/ca/en/shop/mens/gamma-mx-hoody-8485,Gamma MX Hoody,1836,Black,6004,M,0,500
https://arcteryx.com/ca/en/shop/mens/gamma-mx-hoody-8485,Gamma MX Hoody,565,Black Sapphire,5995,L,0,500
https://arcteryx.com/ca/en/shop/mens/gamma-mx-hoody-8485,Gamma MX Hoody,565,Black Sapphire,6020,S,0,500
https://arcteryx.com/ca/en/shop/mens/gamma-mx-hoody-8485,Gamma MX Hoody,1691,Vitality,6020,S,0,500
https://arcteryx.com/ca/en/shop/mens/gamma-mx-hoody-8485,Gamma MX Hoody,15175,Sequoia / Solaris,12387,XXL,48,500
https://arcteryx.com/ca/en/shop/mens/gamma-mx-hoody-8485,Gamma MX Hoody,15175,Sequoia / Solaris,6020,S,0,500
https://arcteryx.com/ca/en/shop/mens/gamma-mx-hoody-8485,Gamma MX Hoody,1691,Vitality,6004,M,0,500
https://arcteryx.com/ca/en/shop/mens/gamma-mx-hoody-8485,Gamma MX Hoody,565,Black Sapphire,6035,XL,0,500
https://arcteryx.com/ca/en/shop/mens/gamma-mx-hoody-8485,Gamma MX Hoody,1691,Vitality,6035,XL,2,500
https://arcteryx.com/ca/en/shop/mens/gamma-mx-hoody-8485,Gamma MX Hoody,1419,Rune,6042,XS,0,500
https://arcteryx.com/ca/zh/shop/mens/arc-multi-bird-logo-shirt-ss,Arc'Multi Bird Logo,1539,White Light,6035,XL,1,70
https://arcteryx.com/ca/zh/shop/mens/arc-multi-bird-logo-shirt-ss,Arc'Multi Bird Logo,15175,Sequoia / Solaris,6042,XS,0,70
https://arcteryx.com/ca/zh/shop/mens/arc-multi-bird-logo-shirt-ss,Arc'Multi Bird Logo,1836,Black,6004,M,0,70
https://arcteryx.com/ca/zh/shop/mens/arc-multi-bird-logo-shirt-ss,Arc'Multi Bird Logo,15175,Sequoia / Solaris,6004,M,14,70
https://arcteryx.com/ca/zh/shop/mens/arc-multi-bird-logo-shirt-ss,Arc'Multi Bird Logo,1539,White Light,6042,XS,0,70
https://arcteryx.com/ca/zh/shop/mens/arc-multi-bird-logo-shirt-ss,Arc'Multi Bird Logo,1836,Black,6042,XS,0,70
https://arcteryx.com/ca/zh/shop/mens/arc-multi-bird-logo-shirt-ss,Arc'Multi Bird Logo,15175,Sequoia / Solaris,6020,S,4,70
https://arcteryx.com/ca/zh/shop/mens/arc-multi-bird-logo-shirt-ss,Arc'Multi Bird Logo,15175,Sequoia / Solaris,5995,L,8,70
https://arcteryx.com/ca/zh/shop/mens/arc-multi-bird-logo-shirt-ss,Arc'Multi Bird Logo,1836,Black,12387,XXL,38,70
https://arcteryx.com/ca/zh/shop/mens/arc-multi-bird-logo-shirt-ss,Arc'Multi Bird Logo,1539,White Light,12387,XXL,2,70
https://arcteryx.com/ca/zh/shop/mens/arc-multi-bird-logo-shirt-ss,Arc'Multi Bird Logo,1836,Black,6020,S,0,70
https://arcteryx.com/ca/zh/shop/mens/arc-multi-bird-logo-shirt-ss,Arc'Multi Bird Logo,1836,Black,6035,XL,0,70
https://arcteryx.com/ca/zh/shop/mens/arc-multi-bird-logo-shirt-ss,Arc'Multi Bird Logo,1836,Black,5995,L,0,70
https://arcteryx.com/ca/zh/shop/mens/arc-multi-bird-logo-shirt-ss,Arc'Multi Bird Logo,15175,Sequoia / Solaris,6035,XL,19,70
https://arcteryx.com/ca/zh/shop/mens/arc-multi-bird-logo-shirt-ss,Arc'Multi Bird Logo,1539,White Light,6004,M,0,70
https://arcteryx.com/ca/zh/shop/mens/arc-multi-bird-logo-shirt-ss,Arc'Multi Bird Logo,15175,Sequoia / Solaris,12387,XXL,26,70
https://arcteryx.com/ca/zh/shop/mens/arc-multi-bird-logo-shirt-ss,Arc'Multi Bird Logo,1539,White Light,6020,S,0,70
https://arcteryx.com/ca/zh/shop/mens/arc-multi-bird-logo-shirt-ss,Arc'Multi Bird Logo,1539,White Light,5995,L,0,70
https://arcteryx.com/ca/zh/shop/mens/kragg-cotton-heatmap-shirt-ls-8482,Kragg Cotton HeatmapT,15205,Solaris / Multi,5995,L,151,100
https://arcteryx.com/ca/zh/shop/mens/kragg-cotton-heatmap-shirt-ls-8482,Kragg Cotton HeatmapT,7364,Black/Multi,12387,XXL,25,100
https://arcteryx.com/ca/zh/shop/mens/kragg-cotton-heatmap-shirt-ls-8482,Kragg Cotton HeatmapT,15204,White Light / Multi,6020,S,0,100
https://arcteryx.com/ca/zh/shop/mens/kragg-cotton-heatmap-shirt-ls-8482,Kragg Cotton HeatmapT,15204,White Light / Multi,12387,XXL,91,100
https://arcteryx.com/ca/zh/shop/mens/kragg-cotton-heatmap-shirt-ls-8482,Kragg Cotton HeatmapT,15204,White Light / Multi,6042,XS,0,100
https://arcteryx.com/ca/zh/shop/mens/kragg-cotton-heatmap-shirt-ls-8482,Kragg Cotton HeatmapT,15205,Solaris / Multi,12387,XXL,50,100
https://arcteryx.com/ca/zh/shop/mens/kragg-cotton-heatmap-shirt-ls-8482,Kragg Cotton HeatmapT,7364,Black/Multi,6004,M,0,100
https://arcteryx.com/ca/zh/shop/mens/kragg-cotton-heatmap-shirt-ls-8482,Kragg Cotton HeatmapT,15205,Solaris / Multi,6020,S,30,100
https://arcteryx.com/ca/zh/shop/mens/kragg-cotton-heatmap-shirt-ls-8482,Kragg Cotton HeatmapT,15205,Solaris / Multi,6042,XS,1,100
https://arcteryx.com/ca/zh/shop/mens/kragg-cotton-heatmap-shirt-ls-8482,Kragg Cotton HeatmapT,7364,Black/Multi,6020,S,0,100
https://arcteryx.com/ca/zh/shop/mens/kragg-cotton-heatmap-shirt-ls-8482,Kragg Cotton HeatmapT,15205,Solaris / Multi,6004,M,125,100
https://arcteryx.com/ca/zh/shop/mens/kragg-cotton-heatmap-shirt-ls-8482,Kragg Cotton HeatmapT,7364,Black/Multi,5995,L,0,100
https://arcteryx.com/ca/zh/shop/mens/kragg-cotton-heatmap-shirt-ls-8482,Kragg Cotton HeatmapT,15204,White Light / Multi,6004,M,0,100
https://arcteryx.com/ca/zh/shop/mens/kragg-cotton-heatmap-shirt-ls-8482,Kragg Cotton HeatmapT,15204,White Light / Multi,5995,L,0,100
https://arcteryx.com/ca/zh/shop/mens/kragg-cotton-heatmap-shirt-ls-8482,Kragg Cotton HeatmapT,15204,White Light / Multi,6035,XL,0,100
https://arcteryx.com/ca/zh/shop/mens/kragg-cotton-heatmap-shirt-ls-8482,Kragg Cotton HeatmapT,7364,Black/Multi,6042,XS,0,100
https://arcteryx.com/ca/zh/shop/mens/kragg-cotton-heatmap-shirt-ls-8482,Kragg Cotton HeatmapT,15205,Solaris / Multi,6035,XL,80,100
https://arcteryx.com/ca/zh/shop/mens/kragg-cotton-heatmap-shirt-ls-8482,Kragg Cotton HeatmapT,7364,Black/Multi,6035,XL,0,100
https://arcteryx.com/us/en/shop/mens/arc-multi-bird-logo-shirt-ls,Arc'Multi Bird Logo Shirt LS,1539,White Light,6004,M,0,70
https://arcteryx.com/us/en/shop/mens/arc-multi-bird-logo-shirt-ls,Arc'Multi Bird Logo Shirt LS,1836,Black,5995,L,0,70
https://arcteryx.com/us/en/shop/mens/arc-multi-bird-logo-shirt-ls,Arc'Multi Bird Logo Shirt LS,1539,White Light,6020,S,0,70
https://arcteryx.com/us/en/shop/mens/arc-multi-bird-logo-shirt-ls,Arc'Multi Bird Logo Shirt LS,1836,Black,12387,XXL,0,70
https://arcteryx.com/us/en/shop/mens/arc-multi-bird-logo-shirt-ls,Arc'Multi Bird Logo Shirt LS,1539,White Light,5995,L,0,70
https://arcteryx.com/us/en/shop/mens/arc-multi-bird-logo-shirt-ls,Arc'Multi Bird Logo Shirt LS,1836,Black,6035,XL,0,70
https://arcteryx.com/us/en/shop/mens/arc-multi-bird-logo-shirt-ls,Arc'Multi Bird Logo Shirt LS,1539,White Light,12387,XXL,0,70
https://arcteryx.com/us/en/shop/mens/arc-multi-bird-logo-shirt-ls,Arc'Multi Bird Logo Shirt LS,15175,Sequoia / Solaris,5995,L,52,70
https://arcteryx.com/us/en/shop/mens/arc-multi-bird-logo-shirt-ls,Arc'Multi Bird Logo Shirt LS,15175,Sequoia / Solaris,6035,XL,42,70
https://arcteryx.com/us/en/shop/mens/arc-multi-bird-logo-shirt-ls,Arc'Multi Bird Logo Shirt LS,1836,Black,6020,S,0,70
https://arcteryx.com/us/en/shop/mens/arc-multi-bird-logo-shirt-ls,Arc'Multi Bird Logo Shirt LS,1539,White Light,6035,XL,0,70
https://arcteryx.com/us/en/shop/mens/arc-multi-bird-logo-shirt-ls,Arc'Multi Bird Logo Shirt LS,15175,Sequoia / Solaris,6042,XS,25,70
https://arcteryx.com/us/en/shop/mens/arc-multi-bird-logo-shirt-ls,Arc'Multi Bird Logo Shirt LS,1836,Black,6004,M,0,70
https://arcteryx.com/us/en/shop/mens/arc-multi-bird-logo-shirt-ls,Arc'Multi Bird Logo Shirt LS,15175,Sequoia / Solaris,6004,M,90,70
https://arcteryx.com/us/en/shop/mens/arc-multi-bird-logo-shirt-ls,Arc'Multi Bird Logo Shirt LS,1836,Black,6042,XS,0,70
https://arcteryx.com/us/en/shop/mens/arc-multi-bird-logo-shirt-ls,Arc'Multi Bird Logo Shirt LS,15175,Sequoia / Solaris,12387,XXL,29,70
https://arcteryx.com/us/en/shop/mens/arc-multi-bird-logo-shirt-ls,Arc'Multi Bird Logo Shirt LS,15175,Sequoia / Solaris,6020,S,32,70
https://arcteryx.com/us/en/shop/mens/arc-multi-bird-logo-shirt-ls,Arc'Multi Bird Logo Shirt LS,1539,White Light,6042,XS,0,70
https://arcteryx.com/ca/en/shop/mens/arc-multi-bird-logo-shirt-ls,Arc'Multi Bird Logo Shirt LS,1539,White Light,6004,M,0,80
https://arcteryx.com/ca/en/shop/mens/arc-multi-bird-logo-shirt-ls,Arc'Multi Bird Logo Shirt LS,1836,Black,5995,L,0,80
https://arcteryx.com/ca/en/shop/mens/arc-multi-bird-logo-shirt-ls,Arc'Multi Bird Logo Shirt LS,1539,White Light,6020,S,0,80
https://arcteryx.com/ca/en/shop/mens/arc-multi-bird-logo-shirt-ls,Arc'Multi Bird Logo Shirt LS,1836,Black,12387,XXL,0,80
https://arcteryx.com/ca/en/shop/mens/arc-multi-bird-logo-shirt-ls,Arc'Multi Bird Logo Shirt LS,1539,White Light,5995,L,0,80
https://arcteryx.com/ca/en/shop/mens/arc-multi-bird-logo-shirt-ls,Arc'Multi Bird Logo Shirt LS,1836,Black,6035,XL,0,80
https://arcteryx.com/ca/en/shop/mens/arc-multi-bird-logo-shirt-ls,Arc'Multi Bird Logo Shirt LS,1539,White Light,12387,XXL,0,80
https://arcteryx.com/ca/en/shop/mens/arc-multi-bird-logo-shirt-ls,Arc'Multi Bird Logo Shirt LS,15175,Sequoia / Solaris,5995,L,26,80
https://arcteryx.com/ca/en/shop/mens/arc-multi-bird-logo-shirt-ls,Arc'Multi Bird Logo Shirt LS,15175,Sequoia / Solaris,6035,XL,20,80
https://arcteryx.com/ca/en/shop/mens/arc-multi-bird-logo-shirt-ls,Arc'Multi Bird Logo Shirt LS,1836,Black,6020,S,0,80
https://arcteryx.com/ca/en/shop/mens/arc-multi-bird-logo-shirt-ls,Arc'Multi Bird Logo Shirt LS,1539,White Light,6035,XL,0,80
https://arcteryx.com/ca/en/shop/mens/arc-multi-bird-logo-shirt-ls,Arc'Multi Bird Logo Shirt LS,15175,Sequoia / Solaris,6042,XS,1,80
https://arcteryx.com/ca/en/shop/mens/arc-multi-bird-logo-shirt-ls,Arc'Multi Bird Logo Shirt LS,1836,Black,6004,M,0,80
https://arcteryx.com/ca/en/shop/mens/arc-multi-bird-logo-shirt-ls,Arc'Multi Bird Logo Shirt LS,15175,Sequoia / Solaris,6004,M,0,80
https://arcteryx.com/ca/en/shop/mens/arc-multi-bird-logo-shirt-ls,Arc'Multi Bird Logo Shirt LS,1836,Black,6042,XS,0,80
https://arcteryx.com/ca/en/shop/mens/arc-multi-bird-logo-shirt-ls,Arc'Multi Bird Logo Shirt LS,15175,Sequoia / Solaris,12387,XXL,15,80
https://arcteryx.com/ca/en/shop/mens/arc-multi-bird-logo-shirt-ls,Arc'Multi Bird Logo Shirt LS,15175,Sequoia / Solaris,6020,S,0,80
https://arcteryx.com/ca/en/shop/mens/arc-multi-bird-logo-shirt-ls,Arc'Multi Bird Logo Shirt LS,1539,White Light,6042,XS,0,80
